8603-HGmpoec82ub,tfost255h,Titos,Fost,3 Crowley Drive,Tuscaloosa,AL,35487,tfost255h@homestead.com,Male,Rice and Sons,Account Coordinator,11/2/1996,441-10-0687,5/31/1993,81754,689,611216.22
8422-HGklhup6hb6,pfursland255i,Portie,Fursland,44856 Thackeray Drive,Migrate,KY,41905,pfursland255i@wsj.com,Male,Ebert-Turcotte,Clinical Specialist,3/28/2000,764-46-6971,1/26/1948,396680,701,642982.36
0955-HGelenthek5,asussams255j,Arleen,Sussams,6 Blue Bill Park Street,Scottsdale,AZ,85260,asussams255j@noaa.gov,Bigender,Crooks and Sons,Nurse Practicioner,8/14/1992,790-20-8625,5/8/1964,249534,533,780650.08
1310-HGcpgrqs9tu,pchatel255k,Philippine,Chatel,3844 Lakewood Gardens Hill,Honolulu,HI,96845,pchatel255k@nydailynews.com,Genderqueer,"Schoen, Hansen and Lang",Senior Cost Accountant,10/4/2021,202-13-0210,8/18/1953,208311,706,482586.72
8262-HGahuzs65kw,hsaterweyte255l,Hebert,Saterweyte,4782 La Follette Crossing,Columbus,OH,43284,hsaterweyte255l@businesswire.com,Male,Carter-Langosh,Web Developer II,8/28/1999,829-60-1317,2/27/1943,297104,472,282559.08
6264-HGoi8psf4t7,rkissick255m,Rorke,Kissick,354 Oneill Street,Farmington,MI,48335,rkissick255m@163.com,Male,Jacobs-MacGyver,Payment Adjustment Coordinator,11/9/2008,671-40-2257,7/25/2004,270830,487,316385.76
5756-HGr8qsryps5,kmullis255n,Kinsley,Mullis,3 Bowman Plaza,Cleveland,OH,44191,kmullis255n@tiny.cc,Male,Pfannerstill-Rippin,Payment Adjustment Coordinator,3/7/2001,454-41-9186,12/27/1987,19569,704,48601.65
3005-HGkhy9oeom5,aogeaney255o,Ardelis,O'Geaney,17734 Lakeland Parkway,Evansville,IN,47719,aogeaney255o@jugem.jp,Female,"McCullough, Dickens and Roberts",Health Coach II,10/14/2021,259-99-5346,1/23/1940,308911,565,474491.25
6289-HGx7frouy4u,dhaselden255p,Doretta,Haselden,192 Norway Maple Park,Washington,DC,20231,dhaselden255p@nytimes.com,Female,Hickle Group,Structural Analysis Engineer,10/27/2013,356-04-7524,6/16/1944,88064,533,636921.01
4412-HG3ka4n4mpk,adavidovicz255q,Adam,Davidovicz,3196 Moose Road,Aurora,IL,60505,adavidovicz255q@latimes.com,Male,"Bartell, Wintheiser and Bednar",Staff Scientist,4/24/2020,212-49-0788,5/7/1990,294718,670,617709.1
8027-HGy8u81qydh,ggray255r,Grata,Gray,807 Onsgard Plaza,Billings,MT,59112,ggray255r@bandcamp.com,Female,Rowe and Sons,Nuclear Power Engineer,4/19/2015,330-45-1892,5/30/1979,199463,647,458372.13